<?xml version="1.0" encoding="UTF-8" standalone="yes"?>
<?mso-application progid="Excel.Sheet"?>
<Workbook xmlns="urn:schemas-microsoft-com:office:spreadsheet" xmlns:o="urn:schemas-microsoft-com:office:office"
          xmlns:x="urn:schemas-microsoft-com:office:excel" xmlns:ss="urn:schemas-microsoft-com:office:spreadsheet" xmlns:html="http://www.w3.org/TR/REC-html40"
          xmlns:dt="uuid:C2F41010-65B3-11d1-A29F-00AA00C14882">
    <DocumentProperties xmlns="urn:schemas-microsoft-com:office:office">
        <Author>liuweidong</Author>
        <LastAuthor>cdh</LastAuthor>
        <Created>2019-09-06T22:26:34Z</Created>
        <LastSaved>2019-09-21T22:58:54Z</LastSaved>
    </DocumentProperties>
    <CustomDocumentProperties xmlns="urn:schemas-microsoft-com:office:office">
        <KSOProductBuildVer dt:dt="string">1033-11.1.0.8865</KSOProductBuildVer>
    </CustomDocumentProperties>
    <ExcelWorkbook xmlns="urn:schemas-microsoft-com:office:excel">
        <WindowWidth>21600</WindowWidth>
        <WindowHeight>8145</WindowHeight>
        <ProtectStructure>False</ProtectStructure>
        <ProtectWindows>False</ProtectWindows>
    </ExcelWorkbook>
    <Styles>
        <Style ss:ID="s48" ss:Name="Hyperlink">
            <Font ss:FontName="Calibri" x:CharSet="0" ss:Size="11" ss:Color="#0000FF" ss:Underline="Single"/>
        </Style>
        <Style ss:ID="s43" ss:Name="Heading 2">
            <Borders>
                <Border ss:Position="Bottom" ss:LineStyle="Continuous" ss:Weight="2" ss:Color="#5B9BD5"/>
            </Borders>
            <Font ss:FontName="Calibri" x:CharSet="134" ss:Size="13" ss:Color="#44546A" ss:Bold="1"/>
        </Style>
        <Style ss:ID="s40" ss:Name="Currency [0]">
            <NumberFormat ss:Format="_ &quot;￥&quot;* #,##0_ ;_ &quot;￥&quot;* \-#,##0_ ;_ &quot;￥&quot;* &quot;-&quot;_ ;_ @_ "/>
        </Style>
        <Style ss:ID="s39" ss:Name="Title">
            <Font ss:FontName="Calibri" x:CharSet="134" ss:Size="18" ss:Color="#44546A" ss:Bold="1"/>
        </Style>
        <Style ss:ID="s38" ss:Name="20% - Accent6">
            <Font ss:FontName="Calibri" x:CharSet="0" ss:Size="11" ss:Color="#000000"/>
            <Interior ss:Color="#E2EFDA" ss:Pattern="Solid"/>
        </Style>
        <Style ss:ID="s46" ss:Name="60% - Accent3">
            <Font ss:FontName="Calibri" x:CharSet="0" ss:Size="11" ss:Color="#FFFFFF"/>
            <Interior ss:Color="#C9C9C9" ss:Pattern="Solid"/>
        </Style>
        <Style ss:ID="s37" ss:Name="Comma [0]">
            <NumberFormat ss:Format="_ * #,##0_ ;_ * \-#,##0_ ;_ * &quot;-&quot;_ ;_ @_ "/>
        </Style>
        <Style ss:ID="s36" ss:Name="Heading 1">
            <Borders>
                <Border ss:Position="Bottom" ss:LineStyle="Continuous" ss:Weight="2" ss:Color="#5B9BD5"/>
            </Borders>
            <Font ss:FontName="Calibri" x:CharSet="134" ss:Size="15" ss:Color="#44546A" ss:Bold="1"/>
        </Style>
        <Style ss:ID="s35" ss:Name="CExplanatory Text">
            <Font ss:FontName="Calibri" x:CharSet="0" ss:Size="11" ss:Color="#7F7F7F" ss:Italic="1"/>
        </Style>
        <Style ss:ID="s44" ss:Name="Comma">
            <NumberFormat ss:Format="_ * #,##0.00_ ;_ * \-#,##0.00_ ;_ * &quot;-&quot;??_ ;_ @_ "/>
        </Style>
        <Style ss:ID="s34" ss:Name="Heading 3">
            <Borders>
                <Border ss:Position="Bottom" ss:LineStyle="Continuous" ss:Weight="2" ss:Color="#ACCCEA"/>
            </Borders>
            <Font ss:FontName="Calibri" x:CharSet="134" ss:Size="11" ss:Color="#44546A" ss:Bold="1"/>
        </Style>
        <Style ss:ID="s33" ss:Name="Good">
            <Font ss:FontName="Calibri" x:CharSet="0" ss:Size="11" ss:Color="#006100"/>
            <Interior ss:Color="#C6EFCE" ss:Pattern="Solid"/>
        </Style>
        <Style ss:ID="s18" ss:Name="40% - Accent1">
            <Font ss:FontName="Calibri" x:CharSet="0" ss:Size="11" ss:Color="#000000"/>
            <Interior ss:Color="#BDD7EE" ss:Pattern="Solid"/>
        </Style>
        <Style ss:ID="s32" ss:Name="Calculation">
            <Borders>
                <Border ss:Position="Bottom" ss:LineStyle="Continuous" ss:Weight="1" ss:Color="#7F7F7F"/>
                <Border ss:Position="Left" ss:LineStyle="Continuous" ss:Weight="1" ss:Color="#7F7F7F"/>
                <Border ss:Position="Right" ss:LineStyle="Continuous" ss:Weight="1" ss:Color="#7F7F7F"/>
                <Border ss:Position="Top" ss:LineStyle="Continuous" ss:Weight="1" ss:Color="#7F7F7F"/>
            </Borders>
            <Font ss:FontName="Calibri" x:CharSet="0" ss:Size="11" ss:Color="#FA7D00" ss:Bold="1"/>
            <Interior ss:Color="#F2F2F2" ss:Pattern="Solid"/>
        </Style>
        <Style ss:ID="s26" ss:Name="Output">
            <Borders>
                <Border ss:Position="Bottom" ss:LineStyle="Continuous" ss:Weight="1" ss:Color="#3F3F3F"/>
                <Border ss:Position="Left" ss:LineStyle="Continuous" ss:Weight="1" ss:Color="#3F3F3F"/>
                <Border ss:Position="Right" ss:LineStyle="Continuous" ss:Weight="1" ss:Color="#3F3F3F"/>
                <Border ss:Position="Top" ss:LineStyle="Continuous" ss:Weight="1" ss:Color="#3F3F3F"/>
            </Borders>
            <Font ss:FontName="Calibri" x:CharSet="0" ss:Size="11" ss:Color="#3F3F3F" ss:Bold="1"/>
            <Interior ss:Color="#F2F2F2" ss:Pattern="Solid"/>
        </Style>
        <Style ss:ID="s29" ss:Name="Note">
            <Borders>
                <Border ss:Position="Bottom" ss:LineStyle="Continuous" ss:Weight="1" ss:Color="#B2B2B2"/>
                <Border ss:Position="Left" ss:LineStyle="Continuous" ss:Weight="1" ss:Color="#B2B2B2"/>
                <Border ss:Position="Right" ss:LineStyle="Continuous" ss:Weight="1" ss:Color="#B2B2B2"/>
                <Border ss:Position="Top" ss:LineStyle="Continuous" ss:Weight="1" ss:Color="#B2B2B2"/>
            </Borders>
            <Interior ss:Color="#FFFFCC" ss:Pattern="Solid"/>
        </Style>
        <Style ss:ID="s23" ss:Name="Bad">
            <Font ss:FontName="Calibri" x:CharSet="0" ss:Size="11" ss:Color="#9C0006"/>
            <Interior ss:Color="#FFC7CE" ss:Pattern="Solid"/>
        </Style>
        <Style ss:ID="s28" ss:Name="20% - Accent3">
            <Font ss:FontName="Calibri" x:CharSet="0" ss:Size="11" ss:Color="#000000"/>
            <Interior ss:Color="#EDEDED" ss:Pattern="Solid"/>
        </Style>
        <Style ss:ID="s25" ss:Name="Total">
            <Borders>
                <Border ss:Position="Bottom" ss:LineStyle="Double" ss:Weight="3" ss:Color="#5B9BD5"/>
                <Border ss:Position="Top" ss:LineStyle="Continuous" ss:Weight="1" ss:Color="#5B9BD5"/>
            </Borders>
            <Font ss:FontName="Calibri" x:CharSet="0" ss:Size="11" ss:Color="#000000" ss:Bold="1"/>
        </Style>
        <Style ss:ID="s24" ss:Name="20% - Accent4">
            <Font ss:FontName="Calibri" x:CharSet="0" ss:Size="11" ss:Color="#000000"/>
            <Interior ss:Color="#FFF2CC" ss:Pattern="Solid"/>
        </Style>
        <Style ss:ID="s41" ss:Name="Warning Text">
            <Font ss:FontName="Calibri" x:CharSet="0" ss:Size="11" ss:Color="#FF0000"/>
        </Style>
        <Style ss:ID="s22" ss:Name="60% - Accent1">
            <Font ss:FontName="Calibri" x:CharSet="0" ss:Size="11" ss:Color="#FFFFFF"/>
            <Interior ss:Color="#9BC2E6" ss:Pattern="Solid"/>
        </Style>
        <Style ss:ID="s20" ss:Name="Accent1">
            <Font ss:FontName="Calibri" x:CharSet="0" ss:Size="11" ss:Color="#FFFFFF"/>
            <Interior ss:Color="#5B9BD5" ss:Pattern="Solid"/>
        </Style>
        <Style ss:ID="s19" ss:Name="20% - Accent1">
            <Font ss:FontName="Calibri" x:CharSet="0" ss:Size="11" ss:Color="#000000"/>
            <Interior ss:Color="#DDEBF7" ss:Pattern="Solid"/>
        </Style>
        <Style ss:ID="s3" ss:Name="60% - Accent5">
            <Font ss:FontName="Calibri" x:CharSet="0" ss:Size="11" ss:Color="#FFFFFF"/>
            <Interior ss:Color="#8EA9DB" ss:Pattern="Solid"/>
        </Style>
        <Style ss:ID="s42" ss:Name="Followed Hyperlink">
            <Font ss:FontName="Calibri" x:CharSet="0" ss:Size="11" ss:Color="#800080" ss:Underline="Single"/>
        </Style>
        <Style ss:ID="s15" ss:Name="40% - Accent2">
            <Font ss:FontName="Calibri" x:CharSet="0" ss:Size="11" ss:Color="#000000"/>
            <Interior ss:Color="#F8CBAD" ss:Pattern="Solid"/>
        </Style>
        <Style ss:ID="s13" ss:Name="60% - Accent2">
            <Font ss:FontName="Calibri" x:CharSet="0" ss:Size="11" ss:Color="#FFFFFF"/>
            <Interior ss:Color="#F4B084" ss:Pattern="Solid"/>
        </Style>
        <Style ss:ID="s16" ss:Name="20% - Accent2">
            <Font ss:FontName="Calibri" x:CharSet="0" ss:Size="11" ss:Color="#000000"/>
            <Interior ss:Color="#FCE4D6" ss:Pattern="Solid"/>
        </Style>
        <Style ss:ID="s17" ss:Name="Accent2">
            <Font ss:FontName="Calibri" x:CharSet="0" ss:Size="11" ss:Color="#FFFFFF"/>
            <Interior ss:Color="#ED7D31" ss:Pattern="Solid"/>
        </Style>
        <Style ss:ID="s12" ss:Name="40% - Accent3">
            <Font ss:FontName="Calibri" x:CharSet="0" ss:Size="11" ss:Color="#000000"/>
            <Interior ss:Color="#DBDBDB" ss:Pattern="Solid"/>
        </Style>
        <Style ss:ID="s47" ss:Name="Percent">
            <NumberFormat ss:Format="0%"/>
        </Style>
        <Style ss:ID="s14" ss:Name="Accent3">
            <Font ss:FontName="Calibri" x:CharSet="0" ss:Size="11" ss:Color="#FFFFFF"/>
            <Interior ss:Color="#A5A5A5" ss:Pattern="Solid"/>
        </Style>
        <Style ss:ID="s9" ss:Name="40% - Accent4">
            <Font ss:FontName="Calibri" x:CharSet="0" ss:Size="11" ss:Color="#000000"/>
            <Interior ss:Color="#FFE699" ss:Pattern="Solid"/>
        </Style>
        <Style ss:ID="s7" ss:Name="60% - Accent4">
            <Font ss:FontName="Calibri" x:CharSet="0" ss:Size="11" ss:Color="#FFFFFF"/>
            <Interior ss:Color="#FFD966" ss:Pattern="Solid"/>
        </Style>
        <Style ss:ID="s27" ss:Name="Currency">
            <NumberFormat ss:Format="_ &quot;￥&quot;* #,##0.00_ ;_ &quot;￥&quot;* \-#,##0.00_ ;_ &quot;￥&quot;* &quot;-&quot;??_ ;_ @_ "/>
        </Style>
        <Style ss:ID="s10" ss:Name="Accent4">
            <Font ss:FontName="Calibri" x:CharSet="0" ss:Size="11" ss:Color="#FFFFFF"/>
            <Interior ss:Color="#FFC000" ss:Pattern="Solid"/>
        </Style>
        <Style ss:ID="s8" ss:Name="Accent5">
            <Font ss:FontName="Calibri" x:CharSet="0" ss:Size="11" ss:Color="#FFFFFF"/>
            <Interior ss:Color="#4472C4" ss:Pattern="Solid"/>
        </Style>
        <Style ss:ID="Default" ss:Name="Normal">
            <Alignment ss:Vertical="Center"/>
            <Borders/>
            <Font ss:FontName="宋体" x:CharSet="134" ss:Size="12"/>
            <Interior/>
            <NumberFormat/>
            <Protection/>
        </Style>
        <Style ss:ID="s6" ss:Name="20% - Accent5">
            <Font ss:FontName="Calibri" x:CharSet="0" ss:Size="11" ss:Color="#000000"/>
            <Interior ss:Color="#D9E1F2" ss:Pattern="Solid"/>
        </Style>
        <Style ss:ID="s1" ss:Name="60% - Accent6">
            <Font ss:FontName="Calibri" x:CharSet="0" ss:Size="11" ss:Color="#FFFFFF"/>
            <Interior ss:Color="#A9D08E" ss:Pattern="Solid"/>
        </Style>
        <Style ss:ID="s5" ss:Name="40% - Accent5">
            <Font ss:FontName="Calibri" x:CharSet="0" ss:Size="11" ss:Color="#000000"/>
            <Interior ss:Color="#B4C6E7" ss:Pattern="Solid"/>
        </Style>
        <Style ss:ID="s31" ss:Name="Heading 4">
            <Font ss:FontName="Calibri" x:CharSet="134" ss:Size="11" ss:Color="#44546A" ss:Bold="1"/>
        </Style>
        <Style ss:ID="s4" ss:Name="Accent6">
            <Font ss:FontName="Calibri" x:CharSet="0" ss:Size="11" ss:Color="#FFFFFF"/>
            <Interior ss:Color="#70AD47" ss:Pattern="Solid"/>
        </Style>
        <Style ss:ID="s11" ss:Name="Linked Cell">
            <Borders>
                <Border ss:Position="Bottom" ss:LineStyle="Double" ss:Weight="3" ss:Color="#FF8001"/>
            </Borders>
            <Font ss:FontName="Calibri" x:CharSet="0" ss:Size="11" ss:Color="#FA7D00"/>
        </Style>
        <Style ss:ID="s2" ss:Name="40% - Accent6">
            <Font ss:FontName="Calibri" x:CharSet="0" ss:Size="11" ss:Color="#000000"/>
            <Interior ss:Color="#C6E0B4" ss:Pattern="Solid"/>
        </Style>
        <Style ss:ID="s45" ss:Name="Check Cell">
            <Borders>
                <Border ss:Position="Bottom" ss:LineStyle="Double" ss:Weight="3" ss:Color="#3F3F3F"/>
                <Border ss:Position="Left" ss:LineStyle="Double" ss:Weight="3" ss:Color="#3F3F3F"/>
                <Border ss:Position="Right" ss:LineStyle="Double" ss:Weight="3" ss:Color="#3F3F3F"/>
                <Border ss:Position="Top" ss:LineStyle="Double" ss:Weight="3" ss:Color="#3F3F3F"/>
            </Borders>
            <Font ss:FontName="Calibri" x:CharSet="0" ss:Size="11" ss:Color="#FFFFFF" ss:Bold="1"/>
            <Interior ss:Color="#A5A5A5" ss:Pattern="Solid"/>
        </Style>
        <Style ss:ID="s30" ss:Name="Input">
            <Borders>
                <Border ss:Position="Bottom" ss:LineStyle="Continuous" ss:Weight="1" ss:Color="#7F7F7F"/>
                <Border ss:Position="Left" ss:LineStyle="Continuous" ss:Weight="1" ss:Color="#7F7F7F"/>
                <Border ss:Position="Right" ss:LineStyle="Continuous" ss:Weight="1" ss:Color="#7F7F7F"/>
                <Border ss:Position="Top" ss:LineStyle="Continuous" ss:Weight="1" ss:Color="#7F7F7F"/>
            </Borders>
            <Font ss:FontName="Calibri" x:CharSet="0" ss:Size="11" ss:Color="#3F3F76"/>
            <Interior ss:Color="#FFCC99" ss:Pattern="Solid"/>
        </Style>
        <Style ss:ID="s21" ss:Name="Neutral">
            <Font ss:FontName="Calibri" x:CharSet="0" ss:Size="11" ss:Color="#9C6500"/>
            <Interior ss:Color="#FFEB9C" ss:Pattern="Solid"/>
        </Style>
        <Style ss:ID="s49"/>
        <Style ss:ID="s50">
            <Alignment ss:Horizontal="Justify" ss:Vertical="Center"/>
            <Font ss:FontName="Calibri" x:CharSet="0" x:Family="Swiss" ss:Size="10.5" ss:Color="#000000"/>
        </Style>
        <Style ss:ID="s51">
            <Alignment ss:Horizontal="Left" ss:Vertical="Center"/>
            <Font ss:FontName="Calibri" x:CharSet="0" x:Family="Swiss" ss:Size="10.5" ss:Color="#000000"/>
        </Style>
    </Styles>
    <Worksheet ss:Name="Sheet1">
        <Table ss:ExpandedColumnCount="3" ss:ExpandedRowCount="12" x:FullColumns="1" x:FullRows="1" ss:DefaultColumnWidth="60" ss:DefaultRowHeight="17.25">
            <Row>
                <Cell ss:StyleID="s50">
                    <Data ss:Type="String">F01</Data>
                </Cell>
                <Cell ss:StyleID="s50">
                    <Data ss:Type="Number">18.12</Data>
                </Cell>
                <Cell ss:StyleID="s50">
                    <Data ss:Type="Number">376.81</Data>
                </Cell>
            </Row>
            <Row>
                <Cell ss:StyleID="s50">
                    <Data ss:Type="String">F02</Data>
                </Cell>
                <Cell ss:StyleID="s50">
                    <Data ss:Type="Number">45.17</Data>
                </Cell>
                <Cell ss:StyleID="s50">
                    <Data ss:Type="Number">9.17</Data>
                </Cell>
            </Row>
            <Row>
                <Cell ss:StyleID="s50">
                    <Data ss:Type="String">F03</Data>
                </Cell>
                <Cell ss:StyleID="s50">
                    <Data ss:Type="Number">78.56</Data>
                </Cell>
                <Cell ss:StyleID="s50">
                    <Data ss:Type="Number">78.44</Data>
                </Cell>
            </Row>
            <Row>
                <Cell ss:StyleID="s50">
                    <Data ss:Type="String">F04</Data>
                </Cell>
                <Cell ss:StyleID="s50">
                    <Data ss:Type="Number">105.59</Data>
                </Cell>
                <Cell ss:StyleID="s50">
                    <Data ss:Type="Number">299.34</Data>
                </Cell>
            </Row>
            <Row>
                <Cell ss:StyleID="s50">
                    <Data ss:Type="String">F05</Data>
                </Cell>
                <Cell ss:StyleID="s50">
                    <Data ss:Type="Number">145.5</Data>
                </Cell>
                <Cell ss:StyleID="s50">
                    <Data ss:Type="Number">264.35</Data>
                </Cell>
            </Row>
            <Row>
                <Cell ss:StyleID="s50">
                    <Data ss:Type="String">F06</Data>
                </Cell>
                <Cell ss:StyleID="s50">
                    <Data ss:Type="Number">213.02</Data>
                </Cell>
                <Cell ss:StyleID="s50">
                    <Data ss:Type="Number">407.92</Data>
                </Cell>
            </Row>
            <Row>
                <Cell ss:StyleID="s50">
                    <Data ss:Type="String">F07</Data>
                </Cell>
                <Cell ss:StyleID="s50">
                    <Data ss:Type="Number">240.85</Data>
                </Cell>
                <Cell ss:StyleID="s50">
                    <Data ss:Type="Number">52.77</Data>
                </Cell>
            </Row>
            <Row>
                <Cell ss:StyleID="s50">
                    <Data ss:Type="String">F08</Data>
                </Cell>
                <Cell ss:StyleID="s50">
                    <Data ss:Type="Number">231.25</Data>
                </Cell>
                <Cell ss:StyleID="s50">
                    <Data ss:Type="Number">63.51</Data>
                </Cell>
            </Row>
            <Row>
                <Cell ss:StyleID="s50">
                    <Data ss:Type="String">F09</Data>
                </Cell>
                <Cell ss:StyleID="s50">
                    <Data ss:Type="Number">280.04</Data>
                </Cell>
                <Cell ss:StyleID="s50">
                    <Data ss:Type="Number">326.91</Data>
                </Cell>
            </Row>
            <Row>
                <Cell ss:StyleID="s50">
                    <Data ss:Type="String">F10</Data>
                </Cell>
                <Cell ss:StyleID="s50">
                    <Data ss:Type="Number">352.93</Data>
                </Cell>
                <Cell ss:StyleID="s50">
                    <Data ss:Type="Number">184.78</Data>
                </Cell>
            </Row>
            <Row>
                <Cell ss:StyleID="s50">
                    <Data ss:Type="String">F11</Data>
                </Cell>
                <Cell ss:StyleID="s50">
                    <Data ss:Type="Number">420.78</Data>
                </Cell>
                <Cell ss:StyleID="s50">
                    <Data ss:Type="Number">338.27</Data>
                </Cell>
            </Row>
            <Row>
                <Cell ss:StyleID="s50">
                    <Data ss:Type="String">F12</Data>
                </Cell>
                <Cell ss:StyleID="s51">
                    <Data ss:Type="Number">465.44</Data>
                </Cell>
                <Cell ss:StyleID="s51">
                    <Data ss:Type="Number">101.18</Data>
                </Cell>
            </Row>
        </Table>
        <WorksheetOptions xmlns="urn:schemas-microsoft-com:office:excel">
            <PageSetup>
                <Header/>
                <Footer/>
            </PageSetup>
            <Selected/>
            <TopRowVisible>0</TopRowVisible>
            <LeftColumnVisible>0</LeftColumnVisible>
            <Panes>
                <Pane>
                    <Number>3</Number>
                    <ActiveRow>0</ActiveRow>
                    <ActiveCol>0</ActiveCol>
                    <RangeSelection>R1C1:R12C3</RangeSelection>
                </Pane>
            </Panes>
            <ProtectObjects>False</ProtectObjects>
            <ProtectScenarios>False</ProtectScenarios>
        </WorksheetOptions>
    </Worksheet>
    <Worksheet ss:Name="Sheet2">
        <Table ss:ExpandedColumnCount="1" ss:ExpandedRowCount="1" x:FullColumns="1" x:FullRows="1" ss:DefaultColumnWidth="60" ss:DefaultRowHeight="17.25"/>
        <WorksheetOptions xmlns="urn:schemas-microsoft-com:office:excel">
            <PageSetup>
                <Header/>
                <Footer/>
            </PageSetup>
            <TopRowVisible>0</TopRowVisible>
            <LeftColumnVisible>0</LeftColumnVisible>
            <ProtectObjects>False</ProtectObjects>
            <ProtectScenarios>False</ProtectScenarios>
        </WorksheetOptions>
    </Worksheet>
    <Worksheet ss:Name="Sheet3">
        <Table ss:ExpandedColumnCount="1" ss:ExpandedRowCount="1" x:FullColumns="1" x:FullRows="1" ss:DefaultColumnWidth="60" ss:DefaultRowHeight="17.25"/>
        <WorksheetOptions xmlns="urn:schemas-microsoft-com:office:excel">
            <PageSetup>
                <Header/>
                <Footer/>
            </PageSetup>
            <TopRowVisible>0</TopRowVisible>
            <LeftColumnVisible>0</LeftColumnVisible>
            <ProtectObjects>False</ProtectObjects>
            <ProtectScenarios>False</ProtectScenarios>
        </WorksheetOptions>
    </Worksheet>
</Workbook>
