<?xml version="1.0" encoding="UTF-8" standalone="yes"?>
<?mso-application progid="Excel.Sheet"?>
<Workbook xmlns="urn:schemas-microsoft-com:office:spreadsheet" xmlns:o="urn:schemas-microsoft-com:office:office"
          xmlns:x="urn:schemas-microsoft-com:office:excel" xmlns:ss="urn:schemas-microsoft-com:office:spreadsheet" xmlns:html="http://www.w3.org/TR/REC-html40"
          xmlns:dt="uuid:C2F41010-65B3-11d1-A29F-00AA00C14882">
    <DocumentProperties xmlns="urn:schemas-microsoft-com:office:office">
        <Author>liuweidong</Author>
        <LastAuthor>cdh</LastAuthor>
        <Created>2019-09-06T22:27:04Z</Created>
        <LastSaved>2019-09-21T22:59:07Z</LastSaved>
    </DocumentProperties>
    <CustomDocumentProperties xmlns="urn:schemas-microsoft-com:office:office">
        <KSOProductBuildVer dt:dt="string">1033-11.1.0.8865</KSOProductBuildVer>
    </CustomDocumentProperties>
    <ExcelWorkbook xmlns="urn:schemas-microsoft-com:office:excel">
        <WindowWidth>21600</WindowWidth>
        <WindowHeight>8145</WindowHeight>
        <ProtectStructure>False</ProtectStructure>
        <ProtectWindows>False</ProtectWindows>
    </ExcelWorkbook>
    <Styles>
        <Style ss:ID="s47" ss:Name="Percent">
            <NumberFormat ss:Format="0%"/>
        </Style>
        <Style ss:ID="s33" ss:Name="Good">
            <Font ss:FontName="Calibri" x:CharSet="0" ss:Size="11" ss:Color="#006100"/>
            <Interior ss:Color="#C6EFCE" ss:Pattern="Solid"/>
        </Style>
        <Style ss:ID="s45" ss:Name="Check Cell">
            <Borders>
                <Border ss:Position="Bottom" ss:LineStyle="Double" ss:Weight="3" ss:Color="#3F3F3F"/>
                <Border ss:Position="Left" ss:LineStyle="Double" ss:Weight="3" ss:Color="#3F3F3F"/>
                <Border ss:Position="Right" ss:LineStyle="Double" ss:Weight="3" ss:Color="#3F3F3F"/>
                <Border ss:Position="Top" ss:LineStyle="Double" ss:Weight="3" ss:Color="#3F3F3F"/>
            </Borders>
            <Font ss:FontName="Calibri" x:CharSet="0" ss:Size="11" ss:Color="#FFFFFF" ss:Bold="1"/>
            <Interior ss:Color="#A5A5A5" ss:Pattern="Solid"/>
        </Style>
        <Style ss:ID="s31" ss:Name="Heading 4">
            <Font ss:FontName="Calibri" x:CharSet="134" ss:Size="11" ss:Color="#44546A" ss:Bold="1"/>
        </Style>
        <Style ss:ID="s44" ss:Name="Comma">
            <NumberFormat ss:Format="_ * #,##0.00_ ;_ * \-#,##0.00_ ;_ * &quot;-&quot;??_ ;_ @_ "/>
        </Style>
        <Style ss:ID="s29" ss:Name="Note">
            <Borders>
                <Border ss:Position="Bottom" ss:LineStyle="Continuous" ss:Weight="1" ss:Color="#B2B2B2"/>
                <Border ss:Position="Left" ss:LineStyle="Continuous" ss:Weight="1" ss:Color="#B2B2B2"/>
                <Border ss:Position="Right" ss:LineStyle="Continuous" ss:Weight="1" ss:Color="#B2B2B2"/>
                <Border ss:Position="Top" ss:LineStyle="Continuous" ss:Weight="1" ss:Color="#B2B2B2"/>
            </Borders>
            <Interior ss:Color="#FFFFCC" ss:Pattern="Solid"/>
        </Style>
        <Style ss:ID="s41" ss:Name="Warning Text">
            <Font ss:FontName="Calibri" x:CharSet="0" ss:Size="11" ss:Color="#FF0000"/>
        </Style>
        <Style ss:ID="s38" ss:Name="20% - Accent6">
            <Font ss:FontName="Calibri" x:CharSet="0" ss:Size="11" ss:Color="#000000"/>
            <Interior ss:Color="#E2EFDA" ss:Pattern="Solid"/>
        </Style>
        <Style ss:ID="s35" ss:Name="CExplanatory Text">
            <Font ss:FontName="Calibri" x:CharSet="0" ss:Size="11" ss:Color="#7F7F7F" ss:Italic="1"/>
        </Style>
        <Style ss:ID="s36" ss:Name="Heading 1">
            <Borders>
                <Border ss:Position="Bottom" ss:LineStyle="Continuous" ss:Weight="2" ss:Color="#5B9BD5"/>
            </Borders>
            <Font ss:FontName="Calibri" x:CharSet="134" ss:Size="15" ss:Color="#44546A" ss:Bold="1"/>
        </Style>
        <Style ss:ID="s43" ss:Name="Heading 2">
            <Borders>
                <Border ss:Position="Bottom" ss:LineStyle="Continuous" ss:Weight="2" ss:Color="#5B9BD5"/>
            </Borders>
            <Font ss:FontName="Calibri" x:CharSet="134" ss:Size="13" ss:Color="#44546A" ss:Bold="1"/>
        </Style>
        <Style ss:ID="s34" ss:Name="Heading 3">
            <Borders>
                <Border ss:Position="Bottom" ss:LineStyle="Continuous" ss:Weight="2" ss:Color="#ACCCEA"/>
            </Borders>
            <Font ss:FontName="Calibri" x:CharSet="134" ss:Size="11" ss:Color="#44546A" ss:Bold="1"/>
        </Style>
        <Style ss:ID="s27" ss:Name="Currency">
            <NumberFormat ss:Format="_ &quot;￥&quot;* #,##0.00_ ;_ &quot;￥&quot;* \-#,##0.00_ ;_ &quot;￥&quot;* &quot;-&quot;??_ ;_ @_ "/>
        </Style>
        <Style ss:ID="s26" ss:Name="Output">
            <Borders>
                <Border ss:Position="Bottom" ss:LineStyle="Continuous" ss:Weight="1" ss:Color="#3F3F3F"/>
                <Border ss:Position="Left" ss:LineStyle="Continuous" ss:Weight="1" ss:Color="#3F3F3F"/>
                <Border ss:Position="Right" ss:LineStyle="Continuous" ss:Weight="1" ss:Color="#3F3F3F"/>
                <Border ss:Position="Top" ss:LineStyle="Continuous" ss:Weight="1" ss:Color="#3F3F3F"/>
            </Borders>
            <Font ss:FontName="Calibri" x:CharSet="0" ss:Size="11" ss:Color="#3F3F3F" ss:Bold="1"/>
            <Interior ss:Color="#F2F2F2" ss:Pattern="Solid"/>
        </Style>
        <Style ss:ID="s25" ss:Name="Total">
            <Borders>
                <Border ss:Position="Bottom" ss:LineStyle="Double" ss:Weight="3" ss:Color="#5B9BD5"/>
                <Border ss:Position="Top" ss:LineStyle="Continuous" ss:Weight="1" ss:Color="#5B9BD5"/>
            </Borders>
            <Font ss:FontName="Calibri" x:CharSet="0" ss:Size="11" ss:Color="#000000" ss:Bold="1"/>
        </Style>
        <Style ss:ID="s19" ss:Name="20% - Accent1">
            <Font ss:FontName="Calibri" x:CharSet="0" ss:Size="11" ss:Color="#000000"/>
            <Interior ss:Color="#DDEBF7" ss:Pattern="Solid"/>
        </Style>
        <Style ss:ID="s21" ss:Name="Neutral">
            <Font ss:FontName="Calibri" x:CharSet="0" ss:Size="11" ss:Color="#9C6500"/>
            <Interior ss:Color="#FFEB9C" ss:Pattern="Solid"/>
        </Style>
        <Style ss:ID="s42" ss:Name="Followed Hyperlink">
            <Font ss:FontName="Calibri" x:CharSet="0" ss:Size="11" ss:Color="#800080" ss:Underline="Single"/>
        </Style>
        <Style ss:ID="s40" ss:Name="Currency [0]">
            <NumberFormat ss:Format="_ &quot;￥&quot;* #,##0_ ;_ &quot;￥&quot;* \-#,##0_ ;_ &quot;￥&quot;* &quot;-&quot;_ ;_ @_ "/>
        </Style>
        <Style ss:ID="s2" ss:Name="40% - Accent6">
            <Font ss:FontName="Calibri" x:CharSet="0" ss:Size="11" ss:Color="#000000"/>
            <Interior ss:Color="#C6E0B4" ss:Pattern="Solid"/>
        </Style>
        <Style ss:ID="s20" ss:Name="Accent1">
            <Font ss:FontName="Calibri" x:CharSet="0" ss:Size="11" ss:Color="#FFFFFF"/>
            <Interior ss:Color="#5B9BD5" ss:Pattern="Solid"/>
        </Style>
        <Style ss:ID="s48" ss:Name="Hyperlink">
            <Font ss:FontName="Calibri" x:CharSet="0" ss:Size="11" ss:Color="#0000FF" ss:Underline="Single"/>
        </Style>
        <Style ss:ID="s22" ss:Name="60% - Accent1">
            <Font ss:FontName="Calibri" x:CharSet="0" ss:Size="11" ss:Color="#FFFFFF"/>
            <Interior ss:Color="#9BC2E6" ss:Pattern="Solid"/>
        </Style>
        <Style ss:ID="s16" ss:Name="20% - Accent2">
            <Font ss:FontName="Calibri" x:CharSet="0" ss:Size="11" ss:Color="#000000"/>
            <Interior ss:Color="#FCE4D6" ss:Pattern="Solid"/>
        </Style>
        <Style ss:ID="s14" ss:Name="Accent3">
            <Font ss:FontName="Calibri" x:CharSet="0" ss:Size="11" ss:Color="#FFFFFF"/>
            <Interior ss:Color="#A5A5A5" ss:Pattern="Solid"/>
        </Style>
        <Style ss:ID="s17" ss:Name="Accent2">
            <Font ss:FontName="Calibri" x:CharSet="0" ss:Size="11" ss:Color="#FFFFFF"/>
            <Interior ss:Color="#ED7D31" ss:Pattern="Solid"/>
        </Style>
        <Style ss:ID="s15" ss:Name="40% - Accent2">
            <Font ss:FontName="Calibri" x:CharSet="0" ss:Size="11" ss:Color="#000000"/>
            <Interior ss:Color="#F8CBAD" ss:Pattern="Solid"/>
        </Style>
        <Style ss:ID="s46" ss:Name="60% - Accent3">
            <Font ss:FontName="Calibri" x:CharSet="0" ss:Size="11" ss:Color="#FFFFFF"/>
            <Interior ss:Color="#C9C9C9" ss:Pattern="Solid"/>
        </Style>
        <Style ss:ID="s28" ss:Name="20% - Accent3">
            <Font ss:FontName="Calibri" x:CharSet="0" ss:Size="11" ss:Color="#000000"/>
            <Interior ss:Color="#EDEDED" ss:Pattern="Solid"/>
        </Style>
        <Style ss:ID="s10" ss:Name="Accent4">
            <Font ss:FontName="Calibri" x:CharSet="0" ss:Size="11" ss:Color="#FFFFFF"/>
            <Interior ss:Color="#FFC000" ss:Pattern="Solid"/>
        </Style>
        <Style ss:ID="s13" ss:Name="60% - Accent2">
            <Font ss:FontName="Calibri" x:CharSet="0" ss:Size="11" ss:Color="#FFFFFF"/>
            <Interior ss:Color="#F4B084" ss:Pattern="Solid"/>
        </Style>
        <Style ss:ID="s12" ss:Name="40% - Accent3">
            <Font ss:FontName="Calibri" x:CharSet="0" ss:Size="11" ss:Color="#000000"/>
            <Interior ss:Color="#DBDBDB" ss:Pattern="Solid"/>
        </Style>
        <Style ss:ID="s24" ss:Name="20% - Accent4">
            <Font ss:FontName="Calibri" x:CharSet="0" ss:Size="11" ss:Color="#000000"/>
            <Interior ss:Color="#FFF2CC" ss:Pattern="Solid"/>
        </Style>
        <Style ss:ID="s4" ss:Name="Accent6">
            <Font ss:FontName="Calibri" x:CharSet="0" ss:Size="11" ss:Color="#FFFFFF"/>
            <Interior ss:Color="#70AD47" ss:Pattern="Solid"/>
        </Style>
        <Style ss:ID="s5" ss:Name="40% - Accent5">
            <Font ss:FontName="Calibri" x:CharSet="0" ss:Size="11" ss:Color="#000000"/>
            <Interior ss:Color="#B4C6E7" ss:Pattern="Solid"/>
        </Style>
        <Style ss:ID="s8" ss:Name="Accent5">
            <Font ss:FontName="Calibri" x:CharSet="0" ss:Size="11" ss:Color="#FFFFFF"/>
            <Interior ss:Color="#4472C4" ss:Pattern="Solid"/>
        </Style>
        <Style ss:ID="s3" ss:Name="60% - Accent5">
            <Font ss:FontName="Calibri" x:CharSet="0" ss:Size="11" ss:Color="#FFFFFF"/>
            <Interior ss:Color="#8EA9DB" ss:Pattern="Solid"/>
        </Style>
        <Style ss:ID="s7" ss:Name="60% - Accent4">
            <Font ss:FontName="Calibri" x:CharSet="0" ss:Size="11" ss:Color="#FFFFFF"/>
            <Interior ss:Color="#FFD966" ss:Pattern="Solid"/>
        </Style>
        <Style ss:ID="s11" ss:Name="Linked Cell">
            <Borders>
                <Border ss:Position="Bottom" ss:LineStyle="Double" ss:Weight="3" ss:Color="#FF8001"/>
            </Borders>
            <Font ss:FontName="Calibri" x:CharSet="0" ss:Size="11" ss:Color="#FA7D00"/>
        </Style>
        <Style ss:ID="s18" ss:Name="40% - Accent1">
            <Font ss:FontName="Calibri" x:CharSet="0" ss:Size="11" ss:Color="#000000"/>
            <Interior ss:Color="#BDD7EE" ss:Pattern="Solid"/>
        </Style>
        <Style ss:ID="s37" ss:Name="Comma [0]">
            <NumberFormat ss:Format="_ * #,##0_ ;_ * \-#,##0_ ;_ * &quot;-&quot;_ ;_ @_ "/>
        </Style>
        <Style ss:ID="s1" ss:Name="60% - Accent6">
            <Font ss:FontName="Calibri" x:CharSet="0" ss:Size="11" ss:Color="#FFFFFF"/>
            <Interior ss:Color="#A9D08E" ss:Pattern="Solid"/>
        </Style>
        <Style ss:ID="s30" ss:Name="Input">
            <Borders>
                <Border ss:Position="Bottom" ss:LineStyle="Continuous" ss:Weight="1" ss:Color="#7F7F7F"/>
                <Border ss:Position="Left" ss:LineStyle="Continuous" ss:Weight="1" ss:Color="#7F7F7F"/>
                <Border ss:Position="Right" ss:LineStyle="Continuous" ss:Weight="1" ss:Color="#7F7F7F"/>
                <Border ss:Position="Top" ss:LineStyle="Continuous" ss:Weight="1" ss:Color="#7F7F7F"/>
            </Borders>
            <Font ss:FontName="Calibri" x:CharSet="0" ss:Size="11" ss:Color="#3F3F76"/>
            <Interior ss:Color="#FFCC99" ss:Pattern="Solid"/>
        </Style>
        <Style ss:ID="s32" ss:Name="Calculation">
            <Borders>
                <Border ss:Position="Bottom" ss:LineStyle="Continuous" ss:Weight="1" ss:Color="#7F7F7F"/>
                <Border ss:Position="Left" ss:LineStyle="Continuous" ss:Weight="1" ss:Color="#7F7F7F"/>
                <Border ss:Position="Right" ss:LineStyle="Continuous" ss:Weight="1" ss:Color="#7F7F7F"/>
                <Border ss:Position="Top" ss:LineStyle="Continuous" ss:Weight="1" ss:Color="#7F7F7F"/>
            </Borders>
            <Font ss:FontName="Calibri" x:CharSet="0" ss:Size="11" ss:Color="#FA7D00" ss:Bold="1"/>
            <Interior ss:Color="#F2F2F2" ss:Pattern="Solid"/>
        </Style>
        <Style ss:ID="s9" ss:Name="40% - Accent4">
            <Font ss:FontName="Calibri" x:CharSet="0" ss:Size="11" ss:Color="#000000"/>
            <Interior ss:Color="#FFE699" ss:Pattern="Solid"/>
        </Style>
        <Style ss:ID="s39" ss:Name="Title">
            <Font ss:FontName="Calibri" x:CharSet="134" ss:Size="18" ss:Color="#44546A" ss:Bold="1"/>
        </Style>
        <Style ss:ID="s23" ss:Name="Bad">
            <Font ss:FontName="Calibri" x:CharSet="0" ss:Size="11" ss:Color="#9C0006"/>
            <Interior ss:Color="#FFC7CE" ss:Pattern="Solid"/>
        </Style>
        <Style ss:ID="s6" ss:Name="20% - Accent5">
            <Font ss:FontName="Calibri" x:CharSet="0" ss:Size="11" ss:Color="#000000"/>
            <Interior ss:Color="#D9E1F2" ss:Pattern="Solid"/>
        </Style>
        <Style ss:ID="Default" ss:Name="Normal">
            <Alignment ss:Vertical="Center"/>
            <Borders/>
            <Font ss:FontName="宋体" x:CharSet="134" ss:Size="12"/>
            <Interior/>
            <NumberFormat/>
            <Protection/>
        </Style>
        <Style ss:ID="s49"/>
        <Style ss:ID="s50">
            <Alignment ss:Horizontal="Justify" ss:Vertical="Center"/>
            <Font ss:FontName="Calibri" x:CharSet="0" x:Family="Swiss" ss:Size="10.5" ss:Color="#000000"/>
        </Style>
    </Styles>
    <Worksheet ss:Name="Sheet1">
        <Table ss:ExpandedColumnCount="3" ss:ExpandedRowCount="41" x:FullColumns="1" x:FullRows="1" ss:DefaultColumnWidth="60" ss:DefaultRowHeight="17.25">
            <Row>
                <Cell ss:StyleID="s50">
                    <Data ss:Type="String">G01</Data>
                </Cell>
                <Cell ss:StyleID="s50">
                    <Data ss:Type="Number">22.77</Data>
                </Cell>
                <Cell ss:StyleID="s50">
                    <Data ss:Type="Number">328.8</Data>
                </Cell>
            </Row>
            <Row>
                <Cell ss:StyleID="s50">
                    <Data ss:Type="String">G02</Data>
                </Cell>
                <Cell ss:StyleID="s50">
                    <Data ss:Type="Number">29.24</Data>
                </Cell>
                <Cell ss:StyleID="s50">
                    <Data ss:Type="Number">431.41</Data>
                </Cell>
            </Row>
            <Row>
                <Cell ss:StyleID="s50">
                    <Data ss:Type="String">G03</Data>
                </Cell>
                <Cell ss:StyleID="s50">
                    <Data ss:Type="Number">59.25</Data>
                </Cell>
                <Cell ss:StyleID="s50">
                    <Data ss:Type="Number">103.16</Data>
                </Cell>
            </Row>
            <Row>
                <Cell ss:StyleID="s50">
                    <Data ss:Type="String">G04</Data>
                </Cell>
                <Cell ss:StyleID="s50">
                    <Data ss:Type="Number">56.82</Data>
                </Cell>
                <Cell ss:StyleID="s50">
                    <Data ss:Type="Number">867.24</Data>
                </Cell>
            </Row>
            <Row>
                <Cell ss:StyleID="s50">
                    <Data ss:Type="String">G05</Data>
                </Cell>
                <Cell ss:StyleID="s50">
                    <Data ss:Type="Number">70.31</Data>
                </Cell>
                <Cell ss:StyleID="s50">
                    <Data ss:Type="Number">978.7</Data>
                </Cell>
            </Row>
            <Row>
                <Cell ss:StyleID="s50">
                    <Data ss:Type="String">G06</Data>
                </Cell>
                <Cell ss:StyleID="s50">
                    <Data ss:Type="Number">68.94</Data>
                </Cell>
                <Cell ss:StyleID="s50">
                    <Data ss:Type="Number">670.41</Data>
                </Cell>
            </Row>
            <Row>
                <Cell ss:StyleID="s50">
                    <Data ss:Type="String">G07</Data>
                </Cell>
                <Cell ss:StyleID="s50">
                    <Data ss:Type="Number">123.7</Data>
                </Cell>
                <Cell ss:StyleID="s50">
                    <Data ss:Type="Number">776.23</Data>
                </Cell>
            </Row>
            <Row>
                <Cell ss:StyleID="s50">
                    <Data ss:Type="String">G08</Data>
                </Cell>
                <Cell ss:StyleID="s50">
                    <Data ss:Type="Number">126.43</Data>
                </Cell>
                <Cell ss:StyleID="s50">
                    <Data ss:Type="Number">294.83</Data>
                </Cell>
            </Row>
            <Row>
                <Cell ss:StyleID="s50">
                    <Data ss:Type="String">G09</Data>
                </Cell>
                <Cell ss:StyleID="s50">
                    <Data ss:Type="Number">124.69</Data>
                </Cell>
                <Cell ss:StyleID="s50">
                    <Data ss:Type="Number">574.967</Data>
                </Cell>
            </Row>
            <Row>
                <Cell ss:StyleID="s50">
                    <Data ss:Type="String">G10</Data>
                </Cell>
                <Cell ss:StyleID="s50">
                    <Data ss:Type="Number">162.95</Data>
                </Cell>
                <Cell ss:StyleID="s50">
                    <Data ss:Type="Number">445.94</Data>
                </Cell>
            </Row>
            <Row>
                <Cell ss:StyleID="s50">
                    <Data ss:Type="String">G11</Data>
                </Cell>
                <Cell ss:StyleID="s50">
                    <Data ss:Type="Number">183.36</Data>
                </Cell>
                <Cell ss:StyleID="s50">
                    <Data ss:Type="Number">887.32</Data>
                </Cell>
            </Row>
            <Row>
                <Cell ss:StyleID="s50">
                    <Data ss:Type="String">G12</Data>
                </Cell>
                <Cell ss:StyleID="s50">
                    <Data ss:Type="Number">171.05</Data>
                </Cell>
                <Cell ss:StyleID="s50">
                    <Data ss:Type="Number">459.26</Data>
                </Cell>
            </Row>
            <Row>
                <Cell ss:StyleID="s50">
                    <Data ss:Type="String">G13</Data>
                </Cell>
                <Cell ss:StyleID="s50">
                    <Data ss:Type="Number">178.32</Data>
                </Cell>
                <Cell ss:StyleID="s50">
                    <Data ss:Type="Number">349.02</Data>
                </Cell>
            </Row>
            <Row>
                <Cell ss:StyleID="s50">
                    <Data ss:Type="String">G14</Data>
                </Cell>
                <Cell ss:StyleID="s50">
                    <Data ss:Type="Number">176.86</Data>
                </Cell>
                <Cell ss:StyleID="s50">
                    <Data ss:Type="Number">505.38</Data>
                </Cell>
            </Row>
            <Row>
                <Cell ss:StyleID="s50">
                    <Data ss:Type="String">G15</Data>
                </Cell>
                <Cell ss:StyleID="s50">
                    <Data ss:Type="Number">185.1</Data>
                </Cell>
                <Cell ss:StyleID="s50">
                    <Data ss:Type="Number">680.03</Data>
                </Cell>
            </Row>
            <Row>
                <Cell ss:StyleID="s50">
                    <Data ss:Type="String">G16</Data>
                </Cell>
                <Cell ss:StyleID="s50">
                    <Data ss:Type="Number">187.25</Data>
                </Cell>
                <Cell ss:StyleID="s50">
                    <Data ss:Type="Number">500.09</Data>
                </Cell>
            </Row>
            <Row>
                <Cell ss:StyleID="s50">
                    <Data ss:Type="String">G17</Data>
                </Cell>
                <Cell ss:StyleID="s50">
                    <Data ss:Type="Number">228.42</Data>
                </Cell>
                <Cell ss:StyleID="s50">
                    <Data ss:Type="Number">656.02</Data>
                </Cell>
            </Row>
            <Row>
                <Cell ss:StyleID="s50">
                    <Data ss:Type="String">G18</Data>
                </Cell>
                <Cell ss:StyleID="s50">
                    <Data ss:Type="Number">258.28</Data>
                </Cell>
                <Cell ss:StyleID="s50">
                    <Data ss:Type="Number">212.97</Data>
                </Cell>
            </Row>
            <Row>
                <Cell ss:StyleID="s50">
                    <Data ss:Type="String">G19</Data>
                </Cell>
                <Cell ss:StyleID="s50">
                    <Data ss:Type="Number">288.04</Data>
                </Cell>
                <Cell ss:StyleID="s50">
                    <Data ss:Type="Number">987.54</Data>
                </Cell>
            </Row>
            <Row>
                <Cell ss:StyleID="s50">
                    <Data ss:Type="String">G20</Data>
                </Cell>
                <Cell ss:StyleID="s50">
                    <Data ss:Type="Number">300.47</Data>
                </Cell>
                <Cell ss:StyleID="s50">
                    <Data ss:Type="Number">300.32</Data>
                </Cell>
            </Row>
            <Row>
                <Cell ss:StyleID="s50">
                    <Data ss:Type="String">G21</Data>
                </Cell>
                <Cell ss:StyleID="s50">
                    <Data ss:Type="Number">332.69</Data>
                </Cell>
                <Cell ss:StyleID="s50">
                    <Data ss:Type="Number">563.67</Data>
                </Cell>
            </Row>
            <Row>
                <Cell ss:StyleID="s50">
                    <Data ss:Type="String">G22</Data>
                </Cell>
                <Cell ss:StyleID="s50">
                    <Data ss:Type="Number">374.3</Data>
                </Cell>
                <Cell ss:StyleID="s50">
                    <Data ss:Type="Number">498.11</Data>
                </Cell>
            </Row>
            <Row>
                <Cell ss:StyleID="s50">
                    <Data ss:Type="String">G23</Data>
                </Cell>
                <Cell ss:StyleID="s50">
                    <Data ss:Type="Number">437.01</Data>
                </Cell>
                <Cell ss:StyleID="s50">
                    <Data ss:Type="Number">74.76</Data>
                </Cell>
            </Row>
            <Row>
                <Cell ss:StyleID="s50">
                    <Data ss:Type="String">G24</Data>
                </Cell>
                <Cell ss:StyleID="s50">
                    <Data ss:Type="Number">460.77</Data>
                </Cell>
                <Cell ss:StyleID="s50">
                    <Data ss:Type="Number">693.11</Data>
                </Cell>
            </Row>
            <Row>
                <Cell ss:StyleID="s50">
                    <Data ss:Type="String">G25</Data>
                </Cell>
                <Cell ss:StyleID="s50">
                    <Data ss:Type="Number">484.8</Data>
                </Cell>
                <Cell ss:StyleID="s50">
                    <Data ss:Type="Number">158.6</Data>
                </Cell>
            </Row>
            <Row>
                <Cell ss:StyleID="s50">
                    <Data ss:Type="String">G26</Data>
                </Cell>
                <Cell ss:StyleID="s50">
                    <Data ss:Type="Number">502.94</Data>
                </Cell>
                <Cell ss:StyleID="s50">
                    <Data ss:Type="Number">114.87</Data>
                </Cell>
            </Row>
            <Row>
                <Cell ss:StyleID="s50">
                    <Data ss:Type="String">G27</Data>
                </Cell>
                <Cell ss:StyleID="s50">
                    <Data ss:Type="Number">493.94</Data>
                </Cell>
                <Cell ss:StyleID="s50">
                    <Data ss:Type="Number">269.72</Data>
                </Cell>
            </Row>
            <Row>
                <Cell ss:StyleID="s50">
                    <Data ss:Type="String">G28</Data>
                </Cell>
                <Cell ss:StyleID="s50">
                    <Data ss:Type="Number">518.26</Data>
                </Cell>
                <Cell ss:StyleID="s50">
                    <Data ss:Type="Number">258.68</Data>
                </Cell>
            </Row>
            <Row>
                <Cell ss:StyleID="s50">
                    <Data ss:Type="String">G29</Data>
                </Cell>
                <Cell ss:StyleID="s50">
                    <Data ss:Type="Number">517.27</Data>
                </Cell>
                <Cell ss:StyleID="s50">
                    <Data ss:Type="Number">603.46</Data>
                </Cell>
            </Row>
            <Row>
                <Cell ss:StyleID="s50">
                    <Data ss:Type="String">G30</Data>
                </Cell>
                <Cell ss:StyleID="s50">
                    <Data ss:Type="Number">540.66</Data>
                </Cell>
                <Cell ss:StyleID="s50">
                    <Data ss:Type="Number">596.53</Data>
                </Cell>
            </Row>
            <Row>
                <Cell ss:StyleID="s50">
                    <Data ss:Type="String">G31</Data>
                </Cell>
                <Cell ss:StyleID="s50">
                    <Data ss:Type="Number">627.55</Data>
                </Cell>
                <Cell ss:StyleID="s50">
                    <Data ss:Type="Number">427.1</Data>
                </Cell>
            </Row>
            <Row>
                <Cell ss:StyleID="s50">
                    <Data ss:Type="String">G32</Data>
                </Cell>
                <Cell ss:StyleID="s50">
                    <Data ss:Type="Number">668.6</Data>
                </Cell>
                <Cell ss:StyleID="s50">
                    <Data ss:Type="Number">675.71</Data>
                </Cell>
            </Row>
            <Row>
                <Cell ss:StyleID="s50">
                    <Data ss:Type="String">G33</Data>
                </Cell>
                <Cell ss:StyleID="s50">
                    <Data ss:Type="Number">708.44</Data>
                </Cell>
                <Cell ss:StyleID="s50">
                    <Data ss:Type="Number">610.08</Data>
                </Cell>
            </Row>
            <Row>
                <Cell ss:StyleID="s50">
                    <Data ss:Type="String">G34</Data>
                </Cell>
                <Cell ss:StyleID="s50">
                    <Data ss:Type="Number">761.68</Data>
                </Cell>
                <Cell ss:StyleID="s50">
                    <Data ss:Type="Number">327.43</Data>
                </Cell>
            </Row>
            <Row>
                <Cell ss:StyleID="s50">
                    <Data ss:Type="String">G35</Data>
                </Cell>
                <Cell ss:StyleID="s50">
                    <Data ss:Type="Number">823.56</Data>
                </Cell>
                <Cell ss:StyleID="s50">
                    <Data ss:Type="Number">4.54</Data>
                </Cell>
            </Row>
            <Row>
                <Cell ss:StyleID="s50">
                    <Data ss:Type="String">G36</Data>
                </Cell>
                <Cell ss:StyleID="s50">
                    <Data ss:Type="Number">826.51</Data>
                </Cell>
                <Cell ss:StyleID="s50">
                    <Data ss:Type="Number">451.5</Data>
                </Cell>
            </Row>
            <Row>
                <Cell ss:StyleID="s50">
                    <Data ss:Type="String">G37</Data>
                </Cell>
                <Cell ss:StyleID="s50">
                    <Data ss:Type="Number">838.97</Data>
                </Cell>
                <Cell ss:StyleID="s50">
                    <Data ss:Type="Number">392.79</Data>
                </Cell>
            </Row>
            <Row>
                <Cell ss:StyleID="s50">
                    <Data ss:Type="String">G38</Data>
                </Cell>
                <Cell ss:StyleID="s50">
                    <Data ss:Type="Number">905.08</Data>
                </Cell>
                <Cell ss:StyleID="s50">
                    <Data ss:Type="Number">132.88</Data>
                </Cell>
            </Row>
            <Row>
                <Cell ss:StyleID="s50">
                    <Data ss:Type="String">G39</Data>
                </Cell>
                <Cell ss:StyleID="s50">
                    <Data ss:Type="Number">956.54</Data>
                </Cell>
                <Cell ss:StyleID="s50">
                    <Data ss:Type="Number">26.81</Data>
                </Cell>
            </Row>
            <Row>
                <Cell ss:StyleID="s50">
                    <Data ss:Type="String">G40</Data>
                </Cell>
                <Cell ss:StyleID="s50">
                    <Data ss:Type="Number">994.97</Data>
                </Cell>
                <Cell ss:StyleID="s50">
                    <Data ss:Type="Number">1005.55</Data>
                </Cell>
            </Row>
            <Row>
                <Cell ss:StyleID="s50">
                    <Data ss:Type="String">G41</Data>
                </Cell>
                <Cell ss:StyleID="s50">
                    <Data ss:Type="Number">1003.12</Data>
                </Cell>
                <Cell ss:StyleID="s50">
                    <Data ss:Type="Number">104.16</Data>
                </Cell>
            </Row>
        </Table>
        <WorksheetOptions xmlns="urn:schemas-microsoft-com:office:excel">
            <PageSetup>
                <Header/>
                <Footer/>
            </PageSetup>
            <Selected/>
            <TopRowVisible>6</TopRowVisible>
            <LeftColumnVisible>0</LeftColumnVisible>
            <Panes>
                <Pane>
                    <Number>3</Number>
                    <ActiveRow>0</ActiveRow>
                    <ActiveCol>0</ActiveCol>
                    <RangeSelection>R1C1:R41C3</RangeSelection>
                </Pane>
            </Panes>
            <ProtectObjects>False</ProtectObjects>
            <ProtectScenarios>False</ProtectScenarios>
        </WorksheetOptions>
    </Worksheet>
    <Worksheet ss:Name="Sheet2">
        <Table ss:ExpandedColumnCount="1" ss:ExpandedRowCount="1" x:FullColumns="1" x:FullRows="1" ss:DefaultColumnWidth="60" ss:DefaultRowHeight="17.25"/>
        <WorksheetOptions xmlns="urn:schemas-microsoft-com:office:excel">
            <PageSetup>
                <Header/>
                <Footer/>
            </PageSetup>
            <TopRowVisible>0</TopRowVisible>
            <LeftColumnVisible>0</LeftColumnVisible>
            <ProtectObjects>False</ProtectObjects>
            <ProtectScenarios>False</ProtectScenarios>
        </WorksheetOptions>
    </Worksheet>
    <Worksheet ss:Name="Sheet3">
        <Table ss:ExpandedColumnCount="1" ss:ExpandedRowCount="1" x:FullColumns="1" x:FullRows="1" ss:DefaultColumnWidth="60" ss:DefaultRowHeight="17.25"/>
        <WorksheetOptions xmlns="urn:schemas-microsoft-com:office:excel">
            <PageSetup>
                <Header/>
                <Footer/>
            </PageSetup>
            <TopRowVisible>0</TopRowVisible>
            <LeftColumnVisible>0</LeftColumnVisible>
            <ProtectObjects>False</ProtectObjects>
            <ProtectScenarios>False</ProtectScenarios>
        </WorksheetOptions>
    </Worksheet>
</Workbook>
